"Date","Video Views","Profile Views","Likes","Comments","Shares"
"1 de enero","804","3","28","1","3"
"2 de enero","155462","882","4252","96","2621"
"3 de enero","560096","3505","16644","191","9449"
"4 de enero","266486","1971","10210","87","4715"
"5 de enero","248325","1570","8595","99","3665"
"6 de enero","65977","468","2262","41","1215"
"7 de enero","51698","332","1660","29","1014"
"8 de enero","28113","200","885","22","602"
"9 de enero","16295","144","637","9","545"
"10 de enero","9989","100","357","6","373"
"11 de enero","11479","95","420","7","442"
"12 de enero","9884","93","410","11","341"
"13 de enero","4982","58","185","3","181"
"14 de enero","3938","59","146","2","147"
"15 de enero","5660","47","336","5","139"
"16 de enero","3245","37","120","1","85"
"17 de enero","2560","25","93","1","85"
"18 de enero","2821","19","135","1","89"
"19 de enero","2919","31","116","2","97"
"20 de enero","3548","40","194","3","74"
"21 de enero","52781","391","2306","87","877"
"22 de enero","13200","134","762","10","284"
"23 de enero","6067","76","280","5","179"
"24 de enero","3139","43","137","4","96"
"25 de enero","3051","39","116","0","91"
"26 de enero","5123","58","258","4","150"
"27 de enero","4748","45","206","5","113"
"28 de enero","2575","30","96","4","64"
"29 de enero","2264","20","82","1","77"
"30 de enero","2544","33","98","-1","55"
"31 de enero","2933","32","91","3","68"
"1 de febrero","178585","696","3126","180","994"
"2 de febrero","733136","2259","13409","496","4081"
"3 de febrero","142983","1126","2860","67","856"
"4 de febrero","78468","290","1483","37","523"
"5 de febrero","17974","94","463","20","250"
"6 de febrero","11812","86","351","8","182"
"7 de febrero","7136","45","190","5","120"
"8 de febrero","6133","53","187","7","127"
"9 de febrero","5589","46","182","6","113"
"10 de febrero","4983","41","150","4","103"
"11 de febrero","7597","68","176","3","107"
"12 de febrero","37413","216","440","15","164"
"13 de febrero","26234","150","470","13","135"
"14 de febrero","6982","58","174","1","43"
"15 de febrero","5969","36","129","2","51"
"16 de febrero","12578","51","515","14","86"
"17 de febrero","8690","60","194","7","75"
"18 de febrero","7014","47","166","1","79"
"19 de febrero","5927","35","132","3","67"
"20 de febrero","9180","53","278","11","75"
"21 de febrero","5326","32","115","6","49"
"22 de febrero","4293","15","92","6","40"
"23 de febrero","5454","36","119","2","53"
"24 de febrero","5020","31","120","0","67"
"25 de febrero","4368","28","100","3","41"
"26 de febrero","4733","30","129","-1","41"
"27 de febrero","3777","20","78","5","37"
"28 de febrero","3415","27","70","13","34"
"1 de marzo","2715","15","49","7","24"
"2 de marzo","3202","19","66","4","45"
"3 de marzo","2819","23","64","3","33"
"4 de marzo","2194","18","52","7","26"
"5 de marzo","2870","14","57","1","31"
"6 de marzo","2465","17","63","2","16"
"7 de marzo","1333","14","31","1","10"
"8 de marzo","2291","19","78","3","24"
"9 de marzo","2097","11","41","9","22"
"10 de marzo","1800","16","68","4","33"
"11 de marzo","2109","22","59","16","45"
"12 de marzo","2329","23","79","3","42"
"13 de marzo","1443","18","50","3","30"
"14 de marzo","1644","19","47","6","24"
"15 de marzo","1344","9","48","3","33"
"16 de marzo","1894","16","49","1","33"
"17 de marzo","1481","14","49","5","32"
"18 de marzo","1882","17","59","-5","22"
"19 de marzo","1963","20","93","2","24"
"20 de marzo","1507","13","42","0","11"
"21 de marzo","959","14","32","2","9"
"22 de marzo","586","6","13","3","6"
"23 de marzo","1072","12","24","-1","3"
"24 de marzo","1282","13","52","1","7"
"25 de marzo","1101","10","23","6","6"
"26 de marzo","940","7","24","-1","13"
"27 de marzo","1166","2","36","4","9"
"28 de marzo","1703","16","62","3","10"
"29 de marzo","568","9","14","1","17"
"30 de marzo","748","13","9","-1","10"
"31 de marzo","1290","14","45","59","6"
"1 de abril","852","5","15","8","4"
"2 de abril","695","3","9","1","8"
"3 de abril","312","4","3","0","1"
"4 de abril","337","1","5","0","0"
"5 de abril","336","0","6","-1","3"
"6 de abril","420","4","4","87","1"
"7 de abril","2556","14","43","16","3"
"8 de abril","4262","30","35","2","18"
"9 de abril","1906","9","27","6","5"
"10 de abril","866","10","14","1","5"
"11 de abril","570","6","10","0","1"
"12 de abril","1008","8","35","-1","2"
"13 de abril","829","4","13","0","0"
"14 de abril","679","4","15","0","4"
"15 de abril","2552","20","94","3","8"
"16 de abril","17849","69","297","11","108"
"17 de abril","8579","31","115","4","35"
"18 de abril","3638","13","60","3","19"
"19 de abril","1674","10","22","1","5"
"20 de abril","1691","15","33","2","12"
"21 de abril","3036","20","105","5","27"
"22 de abril","41169","168","800","18","700"
"23 de abril","24863","75","462","7","312"
"24 de abril","27510","96","538","3","295"
"25 de abril","8332","29","189","0","90"
"26 de abril","9013","44","160","3","73"
"27 de abril","7004","31","157","-1","63"
"28 de abril","23647","98","372","13","164"
"29 de abril","13793","40","285","7","123"
"30 de abril","13493","69","340","4","134"
"1 de mayo","12992","66","284","3","139"
"2 de mayo","13423","55","289","-1","156"
"3 de mayo","8304","25","189","-2","128"
"4 de mayo","5459","29","131","7","60"
"5 de mayo","259046","816","4500","126","3838"
"6 de mayo","512300","1694","8860","153","7513"
"7 de mayo","163307","576","2978","32","2351"
"8 de mayo","93105","301","1587","16","1269"
"9 de mayo","21396","105","414","-1","380"
"10 de mayo","8917","46","207","5","137"
"11 de mayo","8691","58","175","2","110"
"12 de mayo","7509","37","121","-1","106"
"13 de mayo","5122","27","115","-4","83"
"14 de mayo","4569","29","103","0","55"
"15 de mayo","3499","11","76","0","35"
"16 de mayo","2350","16","53","3","30"
"17 de mayo","2592","5","55","38","53"
"18 de mayo","3364","26","63","-3","69"
"19 de mayo","12716","78","237","6","191"
"20 de mayo","311588","1667","5346","70","4358"
"21 de mayo","82830","460","1343","60","973"
"22 de mayo","46668","293","788","7","532"
"23 de mayo","9316","63","136","-1","87"
"24 de mayo","7898","45","143","-2","76"
"25 de mayo","7491","50","104","1","62"
"26 de mayo","6028","35","91","-1","61"
"27 de mayo","4880","34","89","-3","49"
"28 de mayo","4366","14","77","0","38"
"29 de mayo","3636","18","61","-1","34"
"30 de mayo","4018","16","74","-10","38"
"31 de mayo","3253","25","65","-4","39"
"1 de junio","3433","18","55","-22","52"
"2 de junio","3923","24","108","-2","45"
"3 de junio","3939","28","67","0","51"
"4 de junio","3724","25","63","-1","35"
"5 de junio","3817","24","76","1","25"
"6 de junio","2618","23","54","1","31"
"7 de junio","2689","24","31","-1","24"
"8 de junio","3609","37","48","0","50"
"9 de junio","3892","24","77","0","64"
"10 de junio","4740","17","91","3","62"
"11 de junio","5361","31","117","2","79"
"12 de junio","10358","56","136","5","84"
"13 de junio","21155","119","266","3","146"
"14 de junio","24170","129","334","6","155"
"15 de junio","9282","56","136","1","87"
"16 de junio","8172","61","128","7","77"
"17 de junio","12393","94","174","-2","105"
"18 de junio","7033","52","92","3","50"
"19 de junio","5509","39","70","4","54"
"20 de junio","4052","15","49","0","38"
"21 de junio","2936","27","34","2","18"
"22 de junio","3929","29","76","8","49"
"23 de junio","4196","27","67","-1","45"
"24 de junio","4241","47","54","-1","35"
"25 de junio","17003","143","276","5","276"
"26 de junio","43625","361","573","8","599"
"27 de junio","4773","34","60","1","38"
"28 de junio","4504","40","84","0","40"
"29 de junio","3966","27","46","1","29"
"30 de junio","3651","20","43","0","21"
"1 de julio","7896","49","70","5","35"
"2 de julio","5097","31","63","6","45"
"3 de julio","3686","25","48","3","35"
"4 de julio","2579","24","39","0","35"
"5 de julio","3094","21","46","1","35"
"6 de julio","2926","29","41","1","41"
"7 de julio","3530","34","72","2","37"
"8 de julio","6896","33","81","2","40"
"9 de julio","3554","29","40","5","41"
"10 de julio","3742","30","54","1","38"
"11 de julio","3222","26","41","1","28"
"12 de julio","3221","31","33","1","28"
"13 de julio","3749","31","53","0","33"
"14 de julio","4747","41","70","0","67"
"15 de julio","4822","51","49","0","56"
"16 de julio","4364","30","42","3","41"
"17 de julio","3747","31","32","2","29"
"18 de julio","3444","24","36","0","23"
"19 de julio","3443","28","74","3","37"
"20 de julio","7758","25","154","2","89"
"21 de julio","7041","46","99","6","68"
"22 de julio","5778","50","80","1","70"
"23 de julio","6992","33","89","-4","73"
"24 de julio","4279","28","56","3","48"
"25 de julio","4018","25","44","2","44"
"26 de julio","4227","36","47","1","46"
"27 de julio","4124","34","46","1","40"
"28 de julio","4124","36","52","0","22"
"29 de julio","4442","35","64","0","48"
"30 de julio","8753","46","82","0","35"
"31 de julio","7227","25","102","0","30"
"1 de agosto","6974","26","73","0","30"
"2 de agosto","3770","15","37","-1","40"
"3 de agosto","3919","28","44","0","36"
"4 de agosto","6406","33","76","1","20"
"5 de agosto","2357","19","28","0","16"